batch_num,cluster,cluster_name,products,product_count
1,1,cluster_1,"['Масса твор.с курагой.7Утра.5%.180г.ф/пак.8шт', 'Спр.БЛ.72%.180г.фол.10шт', 'Десерт творожн.7Утра.3%.с малиной.350г.ст.12шт', 'Йогурт.7Утра.2,5%.с черникой.двухсл.350г.ст.12шт', 'Десерт творожн.7Утра.3%.с малиной.140г.ст.8шт', 'Пр.из творога БЛ с изюмом 23%.180г.ф/пак.8шт', 'Мас.КУ.82,5%.180г.фол.8шт', 'Спр.ДК.48%.500г.фол.8шт', 'Биойогурт.Греческий 7Утра.2%.250г.ст.12шт', 'Твор.7Утра.5%.180г.ф/пак.8шт', 'Пр.со смет.БЛ.15%.400г.ст.12шт.с змж', 'Десерт БЛ.ДН.10%.с кусочками горького шоколада.350г.ст.12шт', 'Десерт с творогом БЛ.9%.с вишней и черешней.350г.ст.12шт', 'Мас.7Утра.72,5%.180г.фол.8шт', 'Масса твор.с ванилином.7Утра.5%.180г.ф/пак.8шт', 'Масса твор.с изюмом.7Утра.5%.180г.ф/пак.8шт', 'Мас.7Утра.53%.шок.180г.фол.8шт', 'Десерт творожн.7Утра.3%.с кокосом и миндалем.350г.ст.12шт']",18
2,1,cluster_1,"['Пр.со смет.БЛ.20%.400г.ст.12шт.с змж', 'Пр.из творога БЛ 24%.500г.пакет.8шт', 'Десерт творожн.7Утра.3%.с кокосом и миндалем.140г.ст.8шт', 'Пр.из творога БЛ с курагой 23%.180г.ф/пак.8шт', 'Йогурт.7Утра.2,5%.с вишн.двухсл.350г.ст.12шт', 'Мол.смет.пр.БЛ.Классическая.10%.5кг.вед.№20', 'Спр.ДК.62%.180г.перг.10шт', 'Мол.тв.пр.БЛ.Фермерский.1%.5кг.кор №28', 'Десерт с творогом БЛ.9%.с черникой.350г.ст.12шт', 'Мас.КУ.72,5%.5кг.полиэт.', 'Мол.твор.массы.БЛ с изюмом.1%.3кг.вед №23', 'Мол.твор.массы.БЛ с вишней и шоколадом.1%.3кг.вед №23', 'Десерт творожн.7Утра.3%.с кокосом и миндалем.350г.ст.8шт', 'Биойогурт.7Утра.2,5%.с клубникой.150г.ст.8шт', 'Пр.со смет.БЛ.20%.0,7кг.вед.6шт.с змж', 'Биойогурт.7Утра.2,5%.с вишн.150г.ст.8шт', 'Спр.БЛ.72%.5кг.перг(20%)', 'Пр.пл.с сыром ломт.сол.БЛ.25%.Орб.70г.фол.40шт']",18
3,1,cluster_1,"['Мас.7Утра.72,5%.380г.фол.6шт', 'Мол.смет.пр.БЛ.Классическая.10%.3кг.вед.№20', 'Мас.КУ.82,5%.400г.фол.6шт', 'Пр.из творога БЛ со вкус.ванилина 23%.180г.ф/пак.8шт', 'Йогурт.7Утра.2,5%.с вишней черешней.смешан.350г.ст.12шт', 'Йогурт.7Утра.2,5%.с клубникой.смешан.350г.ст.12шт', 'Пр.плав.сыр.ЯК.40%.колб.0,5кг/8кг.пл (нарезка)', 'Мол.пр.йогурт.БЛ.1%.с малиной.3кг.вед №5', 'Мол.пр.йогурт.БЛ.1%.с клубн.3кг.вед №5', 'Мол.твор.массы.БЛ со вкусом ванили.1%.3кг.вед №23', 'ПРС.БЛ.72,5%.400г.фол.10шт', 'ПРС.ДМ.72,5%.170г.фол.10шт', 'Крем с йогуртом.ЛМ.10%.клубн.700г.вед.6шт', 'Мол.пр.йогурт.ЙLine.1%.персик.3кг.вед №10', 'Мол.пр.йогурт.БЛ.1%.с манго-маракуйей.3кг.вед №5', 'Мол.пр.йогурт.БЛ.1%.с черникой.3кг.вед №5', 'Мол.пр.творог.БЛ.1%. с клубн.3кг.вед №15', 'Крем с йогуртом.ЛМ.10%.с кусочками горького шоколада.700г.вед.6шт']",18
4,1,cluster_1,"['Мол.пр.йогурт.ЙLine.1%.банан.3кг.вед №10', 'Пр.из творога БЛ с курагой 23%.450г.конт.10шт', 'Десерт с творогом БЛ.9%.с клубн.350г.ст.12шт', 'Мол.пр.йогурт.ЙLine.1%.клубн.3кг.вед №10', 'Мол.пр.йогурт.БЛ.1%.с абрик.3кг.вед №5', 'Мол.пр.йогурт.БЛ.1%.с киви.3кг.вед №5', 'Пр.пл.сыр.БЛ.45%.ШАР.Российск.400г.8шт', 'Мол.тв.пр.БЛ.Фермерский.1%.3кг.вед №28', 'Крем с йогуртом.ЛМ.10%.банан.700г.вед.6шт', 'Мол.пр.йогурт.БЛ.1%.с вишн.3кг.вед №5', 'Пр.плав.сыр.ЯК.40%.колб.8кг.пл', 'Сыр.7Утра.30%.колб.300г.пл.12шт', 'Пр.пл.с сыром ломт.сол.БЛ.50%.Друж.70г.фол.40шт', 'Спр.ДМ.72%.5кг.перг', 'Пр.пл.с сыром ломт.сол.МЦ.50%.Друж.70г.фол.40шт', 'Поддон стандартный (1,2м * 0,8м)', 'Сыр.7Утра.Янтарный.30%.колб.8кг.пл', 'Пр.пл.с сыром ломт.слад.БЛ.30%.шок.70г.фол.40шт']",18
5,1,cluster_1,"['Пр.пл.с сыром ломт.сол.БЛ.45%.Салат.70г.фол.40шт', 'Мас.КП.72,5%.400г.фол.8шт', 'Десерт БЛ.7,2%.с вишн.350г.ст.12шт', 'Десерт БЛ.7,2%.с киви.350г.ст.12шт', 'Десерт БЛ.7,2%.с клубн.350г.ст.12шт', 'Спр.ДМ.72,5%.500г.фол.8шт', 'Пр.йогурт.ЛМ.0,1%.с соком груши и банана.400г.пак.10шт', 'Пр.скв.твор.БЛ.24%.180г.ф/пак.8шт', 'Пр.из творога ДМ 24%.1000г.пакет.4шт', 'ПРС.БЛ.72,5%.180г.фол.10шт', 'Мол.твор.массы.БЛ с вишней и шоколадом.1%.5кг.кор №23', 'Десерт БЛ.7,2%.с вишн.130г.ст.8шт', 'Десерт БЛ.7,2%.с клубн.130г.ст.8шт', 'Десерт БЛ.7,2%.с абрик.130г.ст.8шт', 'Спр.72%.20кг.полиэт.(40%)(БЭ)', 'Спр.БЛ.72%.5кг.полиэт.(40%)', 'Спр.82%.20кг.полиэт.(БЭ)', 'Спр.БЛ.62%.шок.180г.фол.10шт(Беларусь)']",18
6,1,cluster_1,"['ПРС.КУ.72,5%.380г.фол.8шт', 'Пр.со смет.БЛ.15%.200г.ст.8шт.с змж', 'Десерт ЙLine.10%.персик.350г.ст.12шт', 'Десерт БЛ.ДН.10%.банан.350г.ст.12шт', 'Десерт ЙLine.10%.клубн.350г.ст.12шт', 'Десерт творожн.7Утра.3%.с грушей и бананом.140г.ст.8шт', 'Йогурт.7Утра.2,5%.с киви.двухсл.350г.ст.12шт', 'Десерт творожн.7Утра.3%.с грушей и бананом.350г.ст.12шт', 'Десерт БЛ.ДН.10%.клубн.350г.ст.12шт', 'Десерт ЙLine.10%.банан.350г.ст.12шт', 'Пр.пл.с сыром ломт.сол.БЛ.54%.Слив.70г.фол.40шт', 'Пр.пл.с сыром паст.сол.ЯК.55%.100г.ван.30шт', 'Мас.КУ.82,5%.5кг.полиэт.', 'Мас.7Утра.82,5%.1000г.фол.6шт', 'Спр.ДК.62%.500г.перг.8шт', 'Пр.из творога АБ со вкус. ванилина 19%.450г.конт.10шт(Беларусь)', 'Пр.пл.с сыром ломт.сол.АБ.50%.Друж.70г.фол.40шт(Беларусь)', 'Пр.из творога АБ с изюмом 18%.450г.конт.10шт(Беларусь)']",18
7,1,cluster_1,"['Пр.со смет.АБ.20%.400г.пак.18шт(Беларусь)', 'Пр.со смет.АБ.10%.400г.пак.18шт(Беларусь)', 'Пр.со смет.Васильково поле.15%.300г.ст.6шт.с змж', 'Пр.со смет.Васильково поле.20%.300г.ст.6шт.с змж', 'Сыр ломт.сол.Ашан.40%.Дружба.80г.фол.20шт', 'Десерт творожн.7Утра.3%.с малиной.350г.ст.8шт', 'Творог Молочные узоры.0,5%.180г.ф/пак.8шт', 'Йогурт.Ашан.КП.2,5%.с вишней черешней.смешан.300г.ст.12шт', 'Йогурт.Ашан.КП.1,5%.с вишн.двухсл.120г.ст.8шт', 'Йогурт.Ашан.КП.2,5%.с абрикосом.смешан.300г.ст.12шт', 'Йогурт.Ашан.КП.1,5%.с манго-маракуйей.двухсл.120г.ст.8шт', 'Йогурт.Ашан.КП.2,5%.с клубникой.смешан.300г.ст.12шт', 'Йогурт.Ашан.КП.1,5%.с черникой.двухсл.120г.ст.8шт', 'Йогурт.Ашан.КП.1,5%.с киви.двухсл.120г.ст.8шт', 'Мас.Ашан.82,5%.200г.фол.9шт', 'Смесь топ.КД.99,8%.вед.800г.6шт', 'Спр.Ашан.62%.200г.фол.9шт', 'Мас.Ашан.62%.шок.180г.фол.10шт']",18
8,1,cluster_1,"['Мас.Ашан.62%.шок.100г.фол.16шт', 'Мас.Ашан.82,5%.400г.фол.6шт', 'Мас.Ашан.82,5%.100г.фол.16шт', 'Десерт КД.4,8%.вишн.120г.ст.8шт', 'Масса твор.с курагой.Ашан.5%.180г.ф/пак.8шт', 'Спр.КД.62%.шок.180г.фол.10шт', 'Десерт КД.4,8%.банан.120г.ст.8шт', 'Десерт КД.4,8%.персик.120г.ст.8шт', 'Десерт КД.4,8%.клубн.120г.ст.8шт', 'Мас.Ашан.72,5%.400г.фол.6шт', 'Мас.Ашан.72,5%.200г.фол.9шт', 'Пр.из творога БЛ с ванилином 23%.450г.конт.10шт', 'Пр.из творога БЛ 30%.500г.пакет.8шт', 'Спр.БЛ.72%.5кг.полиэт.(30%)', 'Сыр.Ашан.КП.30%.колб.0,5кг/8кг.пл (нарезка)', 'Пр.пл.с сыром ломт.сол.КД.40%.Салат.80г.фол.20шт', 'Мас.Тандер.72,5%.180г.фол.12шт', 'Крем с йогуртом.ЛМ.10%.клубн.700г.вед.6шт(Казахстан)']",18
9,1,cluster_1,"['Пр.йогурт.ЛМ.0,3%.с соком клубники и земляники.350г.ст.12шт', 'Десерт ЙLine.10%.с кусочками горького шоколада.350г.ст.12шт', 'Крем с йогуртом.ЛМ.10%.банан.700г.вед.6шт(Казахстан)', 'Десерт с творогом БЛ.9%.с вишней и черешней.350г.ст.12шт(Казахстан, Кыргызстан, Армения)', 'Пр.йогурт.ЛМ.0,3%.с соком персика и абрикоса.350г.ст.12шт', 'Спр.БЛ.72%.10кг.полиэт.', 'Спр.БЛ.82%.10кг.полиэт.', 'Десерт с творогом БЛ.9%.с клубн.350г.ст.12шт(Казахстан)', 'Пр.скв.твор.с вишней и шоколадом.ДМ.23%.5кг.кор', 'Десерт БЛ.Йогуртель.7,2%.с малиной.смешан.350г.ст.12шт', 'Пр.скв.твор.со вкус.ванилина.ДМ.23%.5кг.кор', 'Пр.скв.твор.с курагой.ДМ.23%.5кг.кор', 'Десерт БЛ.Йогуртель.7,2%.с земляникой.смешан.350г.ст.12шт', 'Десерт с творогом БЛ.9%.с черникой.350г.ст.12шт(Казахстан)', 'Пр.скв.твор.с изюмом.ДМ.23%.5кг.кор', 'Десерт БЛ.Йогуртель.7,2%.с вишней и черешней.смешан.350г.ст.12шт', 'Йогурт.Дубки.2,5%.с черникой.двухсл.130г.ст.8шт', 'Масса твор.с изюмом.Дубки.5%.180г.ф/пак.8шт']",18
10,1,cluster_1,"['Йогурт.Дубки.2,5%.с вишн.двухсл.130г.ст.8шт', 'Масса твор.с ванилином.Дубки.5%.180г.ф/пак.8шт', 'Пр.скв.твор.БЛ.30%.180г.ф/пак.8шт', 'Пр.со смет.БЛ.20%.200г.ст.8шт.с змж', 'Пр.скв.смет.ДМ.20%.5кг.вед.с змж(ж)', 'Пр.плав.сыр.БЛ.40%.колб.350г.пл.10шт', 'Спр.ДК.72%.10кг.перг', 'Спр.БЛ.82%.5кг.перг.', 'Мас.КП.72,5%.180г.фол.8шт', 'Спр.БЛ.72%.5кг.перг.(цвет.кор)', 'Пр.пл.с сыром ЯК.55%.паст.5кг.вед', 'Спр.КУ.72%.5 кг.перг.', 'Мас.82,5%.5кг.перг#', 'Мас.КУ.72,5%.20кг.полиэт.', 'Пр.скв.твор.Домашний.ДМ.28%.5кг.кор', 'Йогурт.7Утра.2,5%.с абрикосом.смешан.350г.ст.12шт', 'Мас.7Утра.82,5%.180г.фол.8шт', 'Биойогурт.7Утра.2,5%.150г.ст.8шт']",18
11,1,cluster_1,"['Спр.БЛ.82%.180г.фол.10шт', 'Мас.КУ.82,5%.5кг.полиэт.ОТ', 'Мас.КУ.72,5%.5кг.полиэт.ОТ', 'Пр.из творога КД с курагой 18%.180г.ф/пак.8шт', 'Пр.из творога КД с изюмом 18%.180г.фпак.8шт', 'Пр.скв.смет.ДМ.15%.350г.стак.12шт(Азербайджан)', 'Смет.ЛМ.15%.800г.вед.6шт', 'Смет.ЛМ.20%.800г.вед.6шт(Светофор)', 'Десерт БЛ.Йогуртель.7,2%.с малиной.смешан.350г.ст.12шт(Азербайджан)', 'Десерт БЛ.Йогуртель.7,2%.с вишней и черешней.смешан.350г.ст.12шт(Азербайджан)', 'Десерт с творогом БЛ.9%.с черникой.350г.ст.12шт(Азербайджан)', 'Десерт БЛ.Йогуртель.7,2%.с земляникой.смешан.350г.ст.12шт(Азербайджан)', 'Пр.скв.смет.ДМ.15%.200г.стак.8шт', 'Пр.скв.смет.ДМ.20%.350г.стак.12шт', 'Пр.скв.смет.ДМ.20%.200г.стак.8шт', 'Мол.пр.творог.БЛ.1%. с кусочками горького шоколада.3кг.вед №15', 'Пр.скв.твор.Фермерский.Мол.рай.28%.5кг.кор', 'Пр.скв.твор.Фермерский.Мол.рай.28%.5кг.кор(Ж)']",18
12,1,cluster_1,"['ПРС.КУ.72,5%.450г.перг.8шт#2', 'Йогурт.7Утра.2,5%.с киви.двухсл.130г.ст.8шт', 'Пр.йогурт.ЛМ.0,1%.с соком вишни и черешни.400г.пак.10шт', 'Йогурт.7Утра.2,5%.с черникой.двухсл.130г.ст.8шт', 'Мол.тв.пр.БЛ.Домашний.1%.5кг.кор №28', 'Пр.скв.твор.Фермерский.ДМ.28%.5кг.кор', 'Пр.скв.смет.БЛ.Классическая.20%.5кг.вед.с змж', 'Твор.9%.кор.5кг(д)', 'Твор.5%.вед.3кг(д)', 'Пр.скв.твор.с изюмом.БЛ.18%.450г.конт.10шт', 'Мас.82,5%.5кг.полиэт.#', 'Смет.20%.5кг.вед', 'Смет.КУ.20%.400г.ст.8шт', 'Мас.КУ.82,5%.180г.фол.8шт#', 'Мол.смет.пр.ДМ.10%.5кг.вед.№20', 'Мол.твор.массы.БЛ с курагой.1%.3кг.вед №23', 'Йогурт.7Утра.2,5%.с вишн.двухсл.130г.ст.8шт', 'Пр.из творога БЛ 24%.400г.пакет.10шт']",18
13,1,cluster_1,"['Спр.БЛ.62%.шок.180г.фол.10шт', 'Пр.из творога БЛ с изюмом 23%.450г.конт.10шт', 'Пр.пл.с сыром паст.сол.БЛ.55%.Янтар.100.ван.30шт', 'Пр.пл.с сыром паст.сол.БЛ.55%.ветч.100.ван.30шт', 'Сыр.Ашан.КП.30%.колб.300г.пл.12шт', 'Пр.пл.с сыром паст.сол.ЯК.55%.180г.ван.20шт', 'Спр.ДМ.62%.500г.фол.8шт', 'Твор.9%.кор.5кг(ф)', 'Пр.йогурт.ЛМ.0,3%.с соком вишни.350г.ст.12шт', 'Мол.твор.массы.БЛ с курагой.1%.5кг.кор №23', 'Мол.твор.массы.БЛ с изюмом.1%.5кг.кор №23', 'Пр.йогурт.7Утра.2,5%.с соком груши и банана.350г.ст.12шт', 'Пр.йогурт.7Утра.2,5%.с соком дыни и клубники.350г.ст.12шт', 'Пр.йогурт.7Утра.2,5%.с соком персика и маракуйи.350г.ст.12шт', 'Мол.тв.пр.БЛ.Фермерский.1%.5кг.кор(Ж) №28', 'Мас.7Утра.53%.шок.100г.фол.16шт', 'Сыр ломт.сол.7Утра.40%.Салатный.80г.фол.20шт', 'Пр.йогурт.ЛМ.2,6%.с клубникой.350г.ст.12шт']",18
14,1,cluster_1,"['Пр.йогурт.7Утра.2,6%.с соком дыни и клубники.350г.ст.12шт', 'Крем творожн.7Утра.5%.с вишней.350г.ст.12шт', 'Пр.йогурт.ЛМ.2,6%.с вишней черешней.350г.ст.12шт', 'Пр.йогурт.ЛМ.2,6%.с абрикосом.350г.ст.12шт', 'Пр.со смет.ДМ.10%.800г.пак.10шт', 'Пр.йогурт.7Утра.2,6%.с соком груши и банана.350г.ст.12шт', 'Пр.пл.с сыром паст.слад.БЛ.50%.Омич.100г.ван.30шт', 'Пр.плав.сыр.ЯК.40%.колб.500г.пл.16шт', 'Мас.72,5%.5кг.полиэт.', 'Спр.БЛ.62%.шок.5кг.перг', 'Спр.БЛ.62%.шок.500г.фол.8шт', 'Пр.йогурт.7Утра.2,6%.с соком персика и маракуйи.350г.ст.12шт', 'Йогурт.7Утра.1,5%.с черникой.двухсл.350г.ст.12шт', 'Йогурт.7Утра.1,5%.с киви.двухсл.350г.ст.12шт', 'Пр.из творога Моя цена с изюмом 18%.450г.конт.4шт', 'Пр.скв.смет.ДМ.20%.350г.стак.12шт(Казахстан, Кыргызстан, Армения)', 'Пр.пл.с сыром ломт.сол.БЛ.50%.Друж.280г.флоупак.10шт(Казахстан, Кыргызстан, Армения)', 'Пр.пл.с сыром ломт.сол.БЛ.25%.Орб.280г.флоупак.10шт(Казахстан, Кыргызстан, Армения)']",18
15,1,cluster_1,"['Пр.пл.с сыром паст.сол.ЯК.55%.180г.ван.20шт(Казахстан, Кыргызстан)', 'Десерт БЛ.7,2%.с клубн.350г.ст.12шт(Казахстан, Кыргызстан, Армения)', 'Биойогурт.Греческий 7Утра.2%.250г.ст.12шт(Казахстан, Кыргызстан)', 'Спр.ДК.48%.500г.фол.8шт(Кыргызстан)', 'Пр.плав.сыр.ЯК.40%.колб.0,5кг/8кг.пл (нарезка)(Кыргызстан)', 'Твор.7Утра.5%.220г.ф/пак.10шт(Кыргызстан)', 'Пр.из творога ДМ 24%.1000г.пакет.4шт(Казахстан, Армения)', 'Пр.твор.7Утра.3%.с вареньем вишневым.350г.ст.12шт', 'Пр.твор.7Утра.3%.с вареньем из манго и маракуйи.350г.ст.12шт', 'Пр.со смет.ДМ.20%.500г.пак.10шт', 'Пр.скв.твор.БЛ.24%.180г.ф/пак.8шт(Кыргызстан, Армения)', 'Пр.из творога БЛ с курагой 23%.450г.конт.10шт(Армения)', 'Пр.йогурт.ЛМ.0,3%.с соком вишни.350г.ст.12шт(Армения)', 'Пр.со смет.БЛ.20%.400г.ст.12шт.с змж(Армения)', 'Десерт БЛ.7,2%.с вишн.350г.ст.12шт(Армения, Казахстан)', 'Пр.пл.сыр.БЛ.45%.ШАР.Российск.400г.8шт(Армения, Кыргызстан)', 'Мас.7Утра.61,5%.170г.фол.8шт', 'Творог обезжир. Моя цена.0%.180г.ф/пак.10шт']",18
16,1,cluster_1,"['Пл.пр.ломт.БЛ.50%.Слив.70г.фол.40шт', 'Пр.пл.с сыром ломт.сол.БЛ.50%.Друж.70г.фол.20шт', 'Пр.пл.с сыром ломт.сол.БЛ.25%.Орб.70г.фол.20шт', 'Мол.твор.массы.БЛ со вкусом ванили.1%.5кг.кор №23', 'Спр.48%.10кг.полиэт.', 'Пр.плав.сыр.ДМ.45%.колб.0,5кг/8кг.пл (нарезка)', 'Спр.КУ.48%.5кг.перг', 'Пр.скв.смет.ДМ.20%.650г.вед.6шт(Казахстан)', 'Пр.скв.смет.ДМ.20%.2,5кг.вед.с змж', 'Пр.скв.твор.Домашний.ДМ.28%.5кг.вед', 'Пр.скв.смет.ДМ.20%.200г.стак.8шт(Казахстан)', 'Мас.МагнитВ1.82,5%.180г.фол.10шт', 'Мас.МагнитВ1.72,5%.180г.фол.10шт', 'Мас.ОКЕЙ.62%.шок.180г.фол.8шт', 'Мас.ОКЕЙ.82,5%.450г.фол.10шт', 'Пр.из творога ""365 дней"" 24%.500г.пакет.8шт', 'Спр.Лента.48%.180г.фол.10шт', 'Пр.пл.с сыром ломт.сол.Лента.40%.Салат.70г.фол.40шт']",18
17,1,cluster_1,"['Спр.Лента.48%.400г.фол.10шт', 'Пр.пл.с сыром ломт.сол.Лента.25%.Орб.70г.фол.40шт', 'Спр.КП.82,5%.1000г.фол.6шт(Казахстан)', 'ПРС.ДМ.72,5%.500г.фол.10шт', 'Пр.скв.смет.20%.650г.вед.6шт.СТМ.ИдеалМаркет', 'Твор.7Утра.5%.220г.ф/пак.10шт', 'Мас.КУ.82,5%.20кг.полиэт.(61,5)', 'Мас.КУ.82,5%.20кг.полиэт.', 'Спр.ДК.72%.5кг.полиэт.', 'Десерт с творогом БЛ.9%.с клубн.350г.ст.12шт(Азербайджан)', 'Пр.скв.смет.ДМ.20%.650г.вед.6шт(Азербайджан)', 'Десерт с творогом БЛ.9%.с вишней и черешней.350г.ст.12шт(Азербайджан)', 'Мол.тв.пр.Профи№2.БЛ.1%.5кг.кор №20', 'Масса твор.с изюмом.Ашан.5%.180г.ф/пак.8шт', 'Мас.Тандер.82,5%.180г.фол.12шт', 'Сыр.7Утра.40%.колб.300г.пл.12шт', 'Пр.скв.твор.Фермерский.ДМ.28%.5кг.вед(Ж/ФК)', 'Смет.20%.350г.ст.12шт']",18
18,1,cluster_1,"['Твор.9%.750г.вед.6шт', 'Твор.9%.кор.5кг', 'Спр.ДК.48%.180г.фол.10шт', 'Мол.тв.пр.Профи№3.БЛ.1%.5кг.кор №20', 'Мас.КУ.72,5%.180г.фол.8шт', 'Пр.плав.сыр.БЛ.40%.колб.350г.пл.10шт(Азербайджан)', 'Смесь топ.ДМ.99,8%.вед.800г.6шт', 'Мол.тв.пр.БЛ.Домашний.1%.5кг.вед №28', 'Пр.из творога ""365 дней"" 24%.180г.ф/пак.8шт', 'Масса твор.с шоколадной крошкой.7Утра.5%.180г.ф/пак.8шт', 'Полиэтилен', 'Макулатура', 'Пластиковая тара', 'Твор.7Утра.0,5%.180г.ф/пак.8шт', 'Десерт ЙLine.10%.клубн.350г.ст.12шт(Казахстан, Кыргызстан, Армения)', 'Десерт с творогом БЛ.9%.с черникой.350г.ст.12шт(Армения)', 'Пр.со смет.БЛ.15%.400г.ст.12шт.с змж(Азербайджан)', 'Пр.со смет.БЛ.15%.200г.ст.8шт.с змж(Азербайджан)']",18
19,1,cluster_1,"['Пр.пл.с сыром паст.сол.БЛ.55%.Янтар.100.ван.30шт(Азербайджан)', 'Пр.со смет.БЛ.20%.0,7кг.вед.6шт.с змж(Азербайджан)', 'Десерт ЙLine.10%.клубн.3кг.вед (Азербайджан)', 'Пр.со смет.БЛ.20%.400г.ст.12шт.с змж(Азербайджан)', 'Пр.со смет.БЛ.20%.200г.ст.8шт.с змж(Азербайджан)', 'Твор.7Утра.5%.5кг.кор.ГОСТ', 'Мол.смет.пр.БЛ.Профи.10%.5кг.вед.№20', 'Аренда помещений', 'Спр.ВЭ.82,5%.5кг.перг', 'Спр.ВЭ.82,5%.10кг.перг', 'ПСС.72,5%.20кг.полиэт', 'Мол.смет.пр.БЛ.Особая.10%.5кг.вед.№20', 'Мол.пр.йогурт.БЛ.1%.с чер.смород.3кг.вед №5', 'Мол.пр.йогурт.БЛ.1%.с ежевикой.3кг.вед №5', 'Мол.пр.йогурт.БЛ.1%.с персиком.3кг.вед №5', 'Пл.пр.колб.копч.40%.ЯК.8кг.пл', 'Пр.йогурт.ЛМ.0,1%.с соком груши и банана.400г.пак.6шт', 'Пл.пр.ломт.БЛ.45%.Друж.70г.фол.40шт']",18
20,1,cluster_1,"['Спр.БЛ.82,5%.5кг.перг.(Агровест)', 'Твор.365 дней.5%.180г.ф/пак.8шт', 'Твор.365 дней.менее 1,8%.180г.ф/пак.8шт', 'Пр.твор.7Утра.3%.с кусочками горького шоколада.350г.ст.12шт', 'Пл.пр.колб.копч.35%.ЯК.0,5кг/8кг.пл (нарезка)', 'Пр.йогурт.ЛМ.0,1%.с соком вишни и черешни.400г.пак.6шт', 'Пр.скв.твор.с изюмом.ДМ.18%.450г.конт.10шт', 'Пр.скв.твор.со вкус.ванилина.ДМ.19%.450г.конт.10шт', 'Мол.твор.массы.БЛ со вкус.пломбира.1%.5кг.кор №23', 'Пр.скв.твор.Фермерский.Мол.рай.28%.5кг.вед', 'Пр.скв.твор.Фермерский.Мол.рай.28%.5кг.вед(Ж)', 'Десерт творожн.МагнитВ1.3%.с манго и маракуйей.140г.ст.8шт', 'Пл.пр.колб.копч.40%.ЯК.0,5кг/8кг.пл (нарезка)', 'Мас.7Утра.52%.180г.фол.8шт', 'Десерт творожн.Дубки.3%.с малиной.140г.ст.8шт', 'Десерт творожн.Дубки.3%.с грушей и бананом.140г.ст.8шт', 'Пр.скв.твор.Профи№3.БЛ.20%.5кг.кор', 'Пр.из творога БЛ 24%.500г.стабилобэг.8шт']",18
21,1,cluster_1,"['Пр.из творога ДМ 24%.1000г.стабилобэг.4шт', 'Пр.пл.с сыром ломт.сол.БЛ.25%.Орб.280г.флоупак.10шт', 'Десерт творожн.СПОЗАРАНКУ.3%.с кокосом и миндалем.140г.ст.8шт', 'Йогурт.СПОЗАРАНКУ.2,5%.с киви.двухсл.130г.ст.8шт', 'Десерт творожн.СПОЗАРАНКУ.3%.с малиной.140г.ст.8шт', 'Десерт творожн.СПОЗАРАНКУ.3%.с грушей и бананом.140г.ст.8шт', 'Пл.пр.колб.копч.40%.ДМ.0,5кг/8кг.пл (нарезка)', 'Пр.твор.7Утра.5%.с вареньем клубничным.500г.конт.10шт', 'Пр.твор.7Утра.5%.с вареньем абрикосовым.500г.конт.10шт', 'Пр.скв.твор.со вкус.ванилина.БЛ.19%.450г.конт.10шт', 'Пр.скв.смет.ЛМ.20%.800г.вед.6шт', 'Пр.скв.смет.ЛМ.15%.800г.вед.6шт', 'Пр.скв.твор.Фермерский.Шакарян.28%.5кг.кор(Ж)', 'Пр.скв.твор.Фермерский.Шакарян.28%.5кг.кор', 'Пл.пр.ломт.БЛ.45%.Друж.280г.флоупак.10шт(Казахстан, Кыргызстан, Армения)', 'Пл.пр.колб.копч.40%.ЯК.0,5кг/8кг.пл (нарезка)(Кыргызстан)', 'ПРС.ДМ.82,5%.170г.фол.10шт', 'Пр.йогурт.7Утра.2,6%.с клубникой.500г.пак.10шт(Казахстан, Кыргызстан, Армения)']",18
22,1,cluster_1,"['Мас.82,5%.5кг.полиэт.&', 'Пр.пл.с сыром ломт.слад.БЛ.30%.шок.70г.фол.40шт(Кыргызстан)', 'Пр.пл.с сыром ломт.сол.БЛ.54%.Слив.70г.фол.40шт(Кыргызстан)', 'Пр.скв.твор.со вкус.ванилина.ДМ.23%.3кг.вед', 'Мас.72,5%.5кг.полиэт.%', 'Спр.ДК.72%.(№57).10кг.полиэт.', 'Мас.82,5%.5кг.полиэт.@', 'Десерт БЛ.7,2%.с вишн.130г.ст.8шт(Азербайджан)', 'Пр.пл.с сыром паст.слад.БЛ.30%.шок.100г.ван.30шт(Азербайджан)', 'Пр.пл.с сыром паст.сол.БЛ.55%.гриб.100.ван.30шт(Азербайджан)', 'Десерт с творогом БЛ.15%.с кусочками горького шоколада.700г.вед.6шт', 'Пр.скв.йогурт.Греческий.БЛ.2%.250г.стак.12шт(Азербайджан)', 'Десерт БЛ.7,2%.с абрик.130г.ст.8шт(Азербайджан)', 'Десерт БЛ.7,2%.с клубн.130г.ст.8шт(Азербайджан)', 'Пр.скв.твор.со вкус.пломбира.ДМ.19%.450г.конт.10шт', 'Спр.ДМ.82%.1000г.фол.6шт', 'Спр.ДМ.82%.180г.фол.10шт', 'Спр.ДМ.82%.500г.фол.8шт']",18
23,1,cluster_1,"['Пр.со смет.zakrama.20%.400г.пак.10шт(Беларусь)', 'Спр.ДК.62%.20кг.перг', 'Мас.82,5%.5кг.полиэт.', 'Твор.7Утра.5%.5кг.кор', 'Спр.БЛ.72%.5кг.перг(10%)', 'Твор.7Утра.5%.5кг.вед', 'Десерт творожн.7Утра.3%.с грушей и бананом.350г.ст.8шт', 'Йогурт.СПОЗАРАНКУ.2,5%.с вишней черешней.смешан.130г.ст.8шт', 'Йогурт.СПОЗАРАНКУ.2,5%.с черникой.двухсл.130г.ст.8шт', 'Пр.пл.с сыром паст.сол.БЛ.55%.ветч.100.ван.30шт(Азербайджан)', 'Спр.ВЭ.82,5%.1000г.фол.6шт', 'Спр.ВЭ.82,5%.180г.фол.10шт', 'Спр.ВЭ.82,5%.5кг.перг (Агровест)', 'Пр.йогурт.7Утра.2,5%.с соком дыни и клубники.350г.ст.12шт(Казахстан, Кыргызстан)', 'Пр.йогурт.7Утра.2,5%.с соком груши и банана.350г.ст.12шт(Казахстан, Кыргызстан)', 'Пр.скв.твор.с изюмом.ДМ.23%.3кг.вед', 'Масло сливочное крестьянское 72,5% I категория', 'Сыр.7Утра.Янтарный.30%.колб.0,5кг/8кг.пл (нарезка)']",18
24,1,cluster_1,"['Мас.КУ.82,5%.20кг.перг.', 'Мас.72,5%.5кг.полиэт.#', 'Пр.йогурт.ЛМ.0,1%.с соком манго и маракуйи.400г.пак.10шт', 'Масло сливочное крестьянское 72,5% IА категория', 'Спр.КП.82,5%.1000г.фол.6шт', 'Мол.тв.пр.Профи№4.БЛ.1%.5кг.кор №20', 'Мас.ЯЦ.61,5%.150г.фол.12шт', 'Спр.ВЭ.82,5%.500г.фол.10шт', 'Спр.ВЭ.82,5%.2000г.фол.3шт', 'Пр.йогурт.ЛМ.0,3%.с соком клубники и земляники.350г.ст.12шт(Армения)', 'Пр.йогурт.ЛМ.0,3%.с соком персика и абрикоса.350г.ст.12шт(Казахстан)', 'Мас.72,5%.10кг.полиэт.$', 'Спр.КП.82,5%.180г.фол.10шт', 'Пр.плав.сыр.ЯК.40%.колб.0,5кг/8кг.пл (нарезка)(Таджикистан, Туркменистан)', 'Спр.КП.82,5%.500г.фол.10шт', 'ПСС.72,5%.20кг.перг', 'Вкладыш к трудовой книжке', 'Спр.КП.82,5%.5кг.перг']",18
25,1,cluster_1,"['Спр.82%.5кг.перг.(БЭ)', 'Смесь топ.КП.99,8%.вед.1,7кг.6шт(экспорт)', 'Смесь топ.КП.99,8%.вед.2,5кг.6шт(экспорт)', 'Смесь топ.КП.99,8%.вед.4,2кг.3шт(экспорт)', 'Спр.72,5%.500г.перг.10шт&', 'Спр.КП.72,5%.1000г.фол.6шт(экспорт)', 'Йогурт.СПОЗАРАНКУ.2,5%.с вишн.двухсл.130г.ст.8шт', 'Йогурт.СПОЗАРАНКУ.2,5%.с клубникой.смешан.130г.ст.8шт', 'Йогурт.СПОЗАРАНКУ.2,5%.с абрикосом.смешан.130г.ст.8шт', 'Пр.пл.с сыром ломт.сол.БЛ.25%.Орб.70г.фол.40шт(Грузия)', 'Пр.плав.сыр.ЯК.40%.колб.500г.пл.16шт(Грузия)', 'Пр.пл.с сыром ломт.сол.БЛ.45%.Салат.70г.фол.40шт(Грузия)', 'Пр.из творога БЛ с курагой 23%.180г.ф/пак.8шт(Грузия)', 'Пр.пл.с сыром ломт.сол.БЛ.54%.Слив.70г.фол.40шт(Грузия)', 'Пр.пл.с сыром ломт.сол.БЛ.50%.Друж.70г.фол.40шт(Грузия)', 'Пр.из творога БЛ с вкус.ванилина 23%.180г.ф/пак.8шт(Грузия)', 'Пр.из творога БЛ с изюмом 23%.180г.ф/пак.8шт(Грузия)', 'Йогурт.7Утра.2,5%.с клубникой.смешан.130г.ст.8шт']",18
26,1,cluster_1,"['Десерт БЛ.ДН.10%.с кусочками горького шоколада.350г.ст.12шт(Казахстан)', 'Десерт с творогом БЛ.15%.с кусочками горького шоколада.3кг.вед (Азербайджан, Казахстан)', 'Спр.КП.82,5%.2000г.фол.3шт', 'Спр.КУ.72,5%.10кг.перг', 'Металлолом', 'Смесь топ.КП.99,8%.вед.800г.6шт(экспорт)', 'Йогурт.7Утра.2,5%.с абрикосом.смешан.130г.ст.8шт', 'Мол.пр.йогурт.БЛ.5,6%.с манго-маракуйей.3кг.вед', 'Мол.пр.йогурт.БЛ.5,6%.с абрик.3кг.вед', 'Мол.пр.йогурт.БЛ.5,6%.с черникой.3кг.вед', 'Йогурт.7Утра.2,5%.с вишней черешней.смешан.130г.ст.8шт', 'Мас.КУ.72,5%.20кг.полиэт.(заморозка)', 'Спр.КУ.82%.5кг.перг(Армения)', 'Спр.ДМ.82%.5кг.перг', 'Спр.БЛ.82%.1000г.фол.6шт', 'Мол.пр.йогурт.БЛ.5,6%.с клубн.3кг.вед', 'Мол.пр.йогурт.БЛ.5,6%.с малиной.3кг.вед', 'Мол.пр.йогурт.БЛ.5,6%.с вишн.3кг.вед']",18
27,1,cluster_1,"['Мол.пр.йогурт.БЛ.5,6%.с киви.3кг.вед', 'Мол.тв.пр.БЛ.Фермерский.2%.5кг.кор №28', 'Мол.твор.массы.Ягодкин со вкусом ванили.2%.5кг.кор №23', 'Мол.твор.массы.Ягодкин с изюмом.2%.5кг.кор №23', 'Мол.тв.пр.БЛ.Фермерский.2%.5кг.кор(Ж) №28', 'Спр.КП.82,5%.180г.фол.10шт(Казахстан)', 'Мас.82,5%.450г.фол.10шт', 'Мол.пр.творог.БЛ.15%. с клубн.3кг.вед', 'Мол.пр.творог.БЛ.15%. с кусочками горького шоколада.3кг.вед', 'Мол.тв.пр.БЛ.Домашний.2%.5кг.кор №28', 'Мол.тв.пр.БЛ.Фермерский.2%.3кг.вед №28', 'Мол.твор.массы.БЛ с изюмом.2%.3кг.вед №23', 'Мол.твор.массы.БЛ со вкусом ванили.2%.3кг.вед №23', 'Мол.твор.массы.БЛ с вишней и шоколадом.2%.3кг.вед №23', 'Мол.твор.массы.БЛ с курагой.2%.3кг.вед №23', 'Мас.ЛМ.82,5%.180г.фол.8шт', 'Мол.твор.массы.Ягодкин с вишней и шоколадом.2%.5кг.кор №23', 'Мол.тв.пр.БЛ.Домашний.2%.5кг.вед №28']",18
28,1,cluster_1,"['Спр.КП.72,5%.500г.фол.10шт(экспорт)', 'Пр.скв.твор.с курагой.БЛ.18%.450г.конт.10шт', 'Пр.скв.твор.со вкус.пломбира.ДМ.23%.5кг.кор', 'Спр.ДК.62%.5кг.полиэт.', 'Масло сливочное крестьянское 72,5% IIА категория', 'Пл.пр.ломт.БЛ.45%.Друж.280г.флоупак.10шт', 'Пр.скв.твор.со вкус.пломбира.БЛ.19%.450г.конт.10шт', 'Мол.твор.массы.Ягодкин с курагой.2%.5кг.кор №23', 'Мол.пр.плав.сыр.АБИ.40%.колб.1кг.пл.8шт', 'Пленка молочная Продукт со смет  zakrama 10% 400г', 'Мол.твор.массы.БЛ со вкусом ванили.2%.5кг.кор №23', 'Мол.твор.массы.БЛ с изюмом.2%.5кг.кор №23', 'Пр.йогурт.7Утра.2,5%.с соком персика и маракуйи.350г.ст.12шт(Казахстан, Кыргызстан)', 'Пр.йогурт.ЛМ.0,1%.с соком вишни и черешни.400г.пак.10шт(Кыргызстан)', 'Масса твор.с изюмом.ЛМ.5%.500г.конт.10шт(Светофор)', 'Масса твор.с ванилином.ЛМ.5%.500г.конт.10шт(Светофор)', 'Твор.5%.200г.ф/пак.18шт', 'Мол.пр.йогурт.ЙLine.10%.персик.3кг.вед']",18
29,1,cluster_1,"['Спр.ОВ.82,5%.1000г.фол.6шт', 'Смесь топ.КУ.99,8%.вед.800г.6шт', 'Пр.скв.твор.Домашний.БЛ.24%.3кг.вед(экспорт)', 'Спр.ОВ.82,5%.5кг.перг', 'Спр.ОВ.82%.500г.фол.8шт', 'Спр.ОВ.82%.180г.фол.10шт', 'Пр.плав.сыр.АБ.ЯК.45%.колб.0,5кг/8кг.пл(нарезка)(Беларусь)', 'Мол.пр.йогурт.ЙLine.10%.клубн.3кг.вед', 'Мас.ЛМ.72,5%.180г.фол.8шт', 'Пр.пл.с сыром паст.сол.БЛ.55%.гриб.100.ван.30шт', 'Марг.створ.БЛ.с изюмом.23%.3кг.вед', 'Десерт БЛ.7,2%.с ежевикой.3кг.вед', 'Марг.створ.БЛ.с курагой.23%.3кг.вед', 'Пл.пр.колб.копч.35%.ЯК.8кг.пл', 'Пл.пр.ломт.сол.БЛ.25%.Орб.70г.фол.40шт', 'Десерт БЛ.7,2%.с абрик.3кг.вед', 'Десерт БЛ.7,2%.с клубн.3кг.вед', 'Десерт БЛ.7,2%.с манго-маракуйей.3кг.вед']",18
30,1,cluster_1,"['Десерт БЛ.7,2%.с черникой.3кг.вед', 'Десерт БЛ.7,2%.с киви.3кг.вед', 'Десерт БЛ.7,2%.с вишн.3кг.вед', 'Пл.пр.ломт.слад.БЛ.25%.шок.70г.фол.40шт', 'Марг.створ.БЛ.Фермерский.28%.5кг.кор', 'Марг.створ.БЛ.с вишней и шоколадом.23%.3кг.вед', 'Марг.скв.смет.БЛ.Классическая.20%.5кг.вед.с змж', 'Десерт БЛ.7,2%.с малиной.3кг.вед', 'Десерт БЛ.7,2%.с персиком.3кг.вед', 'Марг.скв.смет.БЛ.Классическая.20%.3кг.вед.с змж', 'Десерт БЛ.7,2%.с чер.смород.3кг.вед', 'Марг.скв.смет.ДМ.20%.5кг.вед.с змж', 'Мас. BONVIDA.82,5%.1000г.фол.6шт.', 'Марг.створ.БЛ.Фермерский.28%.3кг.вед', 'Пудинг.шок.1,5%.175г.ст.8шт', 'Пр.скв.твор.Фермерский.БЛ.28%.5кг.кор', 'Марг.створ.Профи№2.БЛ.20%.5кг.кор', 'Десерт ЙLine.10%.персик.3кг.вед']",18
31,1,cluster_1,"['Десерт ЙLine.10%.банан.3кг.вед', 'Марг.ДК.72%.5кг.перг', 'ПРС БЛ.72,5%.5кг.полиэт.(30%)', 'Спр.БЛ.72%.500г.фол.8шт', 'Пл.пр.ломт.сол.БЛ.25%.Орб.70г.фол.20шт', 'Марг.створ.БЛ.с изюмом.23%.5кг.кор', 'Марг.ДК.72%.10кг.перг', 'Пл.пр.БЛ.45%.ШАР.Российск.400г.8шт', 'Марг.створ.Домашний.БЛ.28%.5кг.кор', 'Десерт ЙLine.10%.клубн.3кг.вед', 'Марг.створ.БЛ.со вкусом ванилина.23%.3кг.вед', 'Марг.БЛ.72%.5кг.перг(20%)', 'Марг.створ.БЛ.с вишней и шоколадом.23%.5кг.кор', 'Марг.ДК.62%.5кг.полиэт.', 'Спр.82%.5кг.перг.(БЭ)#', 'Пр.йогурт.7Утра.2,5%.с соком персика и маракуйи.130г.ст.8шт', 'Пр.йогурт.7Утра.2,5%.с соком дыни и клубники.130г.ст.8шт', 'Пр.йогурт.7Утра.2,5%.с соком груши и банана.130г.ст.8шт']",18
32,1,cluster_1,"['Пл.пр.паст.сол.ЯК.50%.180г.ван.20шт', 'Пл.пр.ломт.сол.БЛ.25%.Орб.280г.флоупак.10шт', 'Марг.БЛ.82%.5кг.перг.', 'Марг.створ.Домашний.БЛ.28%.5кг.вед', 'Пр.скв.твор.с курагой.ДМ.23%.3кг.вед', 'Пр.скв.твор.с вишней и шоколадом.ДМ.23%.3кг.вед', 'Пр.из творога ДМ 24%.1000г.стабилобэг.4шт(Казахстан, Армения)', 'Пл.пр.ломт.сол.БЛ.25%.Орб.280г.флоупак.10шт(Казахстан, Кыргызстан, Армения)', 'Пр.скв.твор.Фермерский.БЛ.28%.3кг.вед', 'Пл.пр.колб.копч.35%.ДМ.0,5кг/8кг.пл (нарезка)', 'Спр.82%.20кг.перг.(10%)', 'Биойогурт.Греческий.Фермерская коллекция.2%.250г.ст.12шт', 'Спр.82%.5кг.перг(без ТМ)', 'Марг.створ.БЛ.со вкусом ванилина.23%.5кг.кор', 'Марг.БЛ.72%.5кг.перг(10%)', 'Сыр.КП.40%.колб.0,5кг/8кг.пл.нарезка(Светофор)', 'Мол.пр.йогурт.ЙLine.10%.банан.3кг.вед', 'Спр.ДК.40%.20кг.полиэт.']",18
33,1,cluster_1,"['Мас.72,5%.20кг.полиэт.ОТ', 'Спр.82%.5кг.эколин.(БЭ)', 'ПРС.ДМ.82,5%.500г.фол.10шт', 'Пр.скв.смет.ДМ.25%.200г.стак.8шт', 'Мас.КУ.72,5%.400г.фол.6шт', 'Мол.твор.массы.Ягодкин с цукатами.2%.5кг.кор №23', 'Мас.82,5%.20 кг.полиэт(01030)', 'Мас.7Утра.82,5%.380г.фол.6шт', 'Мас.82,5%.10кг.полиэт.', 'Пл.пр.паст.слад.БЛ.30%.шок.100г.ван.30шт(Азербайджан)', 'Пл.пр.паст.сол.БЛ.50%.Янтар.100.ван.30шт(Азербайджан)', 'Пл.пр.БЛ.45%.ШАР.Российск.400г.8шт(Армения, Кыргызстан)', 'Спр.ДМ.82,5%.180г.фол.10шт(Туркменистан)', 'Спр.ДМ.82,5%.500г.фол.8шт(Туркменистан)', 'Пл.пр.ломт.сол.БЛ.50%.Слив.70г.фол.20шт', 'Марг.створ.БЛ.со вкусом пломбира.23%.5кг.кор', 'Марг.скв.смет.БЛ.Особая.20%.5кг.вед.с змж', 'Марг.БЛ.72%.5кг.полиэт.(30%)']",18
34,1,cluster_1,"['Пл.пр.колб.40%.пл.8кг.', 'Марг.82%.5кг.перг.(БЭ)#', 'ПРС.72,5%.20кг.экол.(30%)(БЭ)', 'Марг.82%.20кг.перг.(БЭ)', 'Марг.72%.5кг.перг.(30%)БЭ', 'Пл.пр.колб.копч.ЯК.35%.0,5кг/8кг.пл (нарезка)(Кыргызстан)', 'Марг.створ.БЛ.с курагой.23%.5кг.кор', 'Пр.скв.смет.БЛ.Классическая.20%.3кг.вед.с змж', 'Пр.скв.твор.Домашний.БЛ.28%.5кг.вед', 'Десерт.створ.БЛ.15%.с кусочками горького шоколада.3кг.вед', 'Пл.пр.колб.копч.ЯК.35%.0,5кг/8кг.пл (нарезка)(Таджикистан, Туркменистан)', 'Марг.БЛ.72%.5кг.перг.(цвет.кор)', 'Марг.72%.5кг.перг.(БЭ)#', 'Марг.БЛ.72%.10кг.полиэт.', 'Пр.скв.смет.ДМ.20%.500г.пак.10шт', 'Марг.КУ.72%.5 кг.перг.', 'Марг.КУ.48%.5кг.перг', 'Спр.ДП.82%.5кг.перг']",18
35,1,cluster_1,"['Поддон стандартный (1200мм * 800мм) (ДЛЯ ПРОДАЖИ) ', 'Марг.БЛ.82%.10кг.полиэт.', 'ПРС.72,5%.500г.перг.10шт&', 'Твор.7Утра.0,5%.180г.ф/пак.8шт(Кыргызстан)', 'Пл.пр.ломт.слад.БЛ.25%.шок.70г.фол.40шт(Кыргызстан)', 'Пл.пр.ломт.сол.БЛ.50%.Слив.70г.фол.40шт(Кыргызстан)', 'Пр.скв.твор.Домашний.БЛ.28%.5кг.кор', 'Масло сладко-сливочное 82,5% IА категория', 'Марг.ДМ.72%.5кг.перг', 'Пр.скв.твор.Профи№2.БЛ.20%.5кг.кор', 'Спр.72%.5кг.полиэт.(30%)(без ТМ)', 'Десерт с творогом ТАС.9%.с манго-маракуйей.350г.ст.12шт(Азербайджан)', 'Десерт с творогом ТАС.9%.с земляникой.350г.ст.12шт(Азербайджан)', 'Пр.пл.с сыром паст.сол.БЛ.55%.Друж.100г.ван.30шт(Азербайджан)', 'Спр.72%.5кг.перг.(БЭ)#', 'Йогурт.7Утра.2,5%.натуральный.350г.ст.8шт', 'ПРС.БЛ.72,5%.5кг.перг(20%)', 'ПРС Киз.Бур.72,5%.5кг.эколин. (30%)']",18
36,1,cluster_1,"['Спр.82%.20кг.перг.(БЭ)', 'Смесь топ.ДМ.99,8%.вед.800г.6шт(экспорт)', 'Десерт.створ.БЛ.15%.с клубн.3кг.вед', 'Мас.82,5%.5кг.полиэт.(без ТМ)', 'Пр.плав.сыр.ЯК.40%.колб.500г.пл.16шт(Таджикистан)', 'Пр.плав.сыр.ЯК.40%.колб.500г.пл.16шт(Армения)', 'Спр.ДМ.82%.2000г.фол.3шт', 'Мас.КУ.82,5%.5кг.полиэт.(61,5)', 'Мас.82,5%.5кг.полиэт.%', 'Спр.КУ.72%.5 кг.перг&', 'Новогодний подарок ', 'Пр.пл.с сыром паст.сол.БЛ.55%.Друж.100г.ван.30шт', 'Спр.82%.Фермерский.(50%).5кг.эколин', 'Пленка молочная Продукт со смет  zakrama 20% 400г', 'Спр.72%.20кг.перг.(30%)(БЭ)', 'Спр.Киз.Бур.72%.5кг.эколин. (30%) ', 'Спр.72%.5кг.эколин.(30%) (БЭ)', 'Спр.Больш.Кор.82%.перг.5кг.']",18
37,1,cluster_1,"['Сыр.Милквилл.30%.колб.300г.пл.12шт', 'Мас.82,5%.200г.фол.9шт', 'Пр.со смет.15%.300г.ст.6шт.с змж', 'Твор.365 дней.9%.180г.ф/пак.8шт', 'Пл.пр.ломт.слад.БЛ.25%.шок.70г.фол.40шт(Казахстан)', 'Спр.72%.5кг.эколин.(БЭ)', 'Мас.72,5%.5кг.полиэт.$', 'Мас.82,5%.5кг.полиэт.$$', 'Твор.7Утра.9%.180г.ф/пак.8шт', 'Пр.пл.с сыром ломт.сол.БЛ.54%.Слив.70г.фол.20шт', 'Мас.КУ.72,5%.5кг.полиэт.(заморозка)', 'Пр.йогурт.ЛМ.0,1%.с соком манго и маракуйи.400г.пак.6шт', 'Спр.72%.5кг.перг.(БЭ)', 'Пр.пл.с сыром ломт.сол.БЛ.50%.Друж.280г.флоупак.10шт', 'Спр.БЛ.72%.20кг.полиэт(СЗ КМП)']",15
